"dataset","seed","op","method","N","draw","acc","loss_X","n_params"
"CLUSTER","0","denoise","pretrained_indist","","","0.9628893339633942","1.0789841938018798","163079"
"CLUSTER","0","mask","pretrained_indist","","","0.5045096945762634","1.4274381756782533","163079"
"CLUSTER","0","smooth","pretrained_indist","","","0.4021210354566574","1.4958455204963683","163079"
"CLUSTER","0","path","pretrained_indist","","","0.6358628785610199","1.3663335585594176","163079"
"CLUSTER","0","maskSmooth","pretrained_zeroshot","0","","0.40383943915367126","1.5076706862449647","163079"
"CLUSTER","0","maskSmooth","pretrained_zeroshot_recipe","0","","0.4002415144443512","1.504378352165222","163079"
"CLUSTER","0","maskSmooth","pretrained_fewshot","5","0","0.3864795672893524","1.5478946304321288","163079"
"CLUSTER","0","maskSmooth","pretrained_fewshot_recipe","5","0","0.3862186700105667","1.5350894141197204","163079"
"CLUSTER","0","maskSmooth","fromscratch_fewshot","5","0","0.2648909568786621","1.723789176940918","163079"
"CLUSTER","0","maskSmooth","pretrained_fewshot","5","1","0.38639521062374116","1.5908159399032593","163079"
"CLUSTER","0","maskSmooth","pretrained_fewshot_recipe","5","1","0.3867148780822754","1.5348658919334413","163079"
"CLUSTER","0","maskSmooth","fromscratch_fewshot","5","1","0.2604556125402451","1.7188645267486573","163079"
"CLUSTER","0","maskSmooth","pretrained_fewshot","20","0","0.39610582947731016","1.5093106389045716","163079"
"CLUSTER","0","maskSmooth","pretrained_fewshot_recipe","20","0","0.38759067296981814","1.5203389096260072","163079"
"CLUSTER","0","maskSmooth","fromscratch_fewshot","20","0","0.2624527502059937","1.7010586285591125","163079"
"CLUSTER","0","maskSmooth","pretrained_fewshot","20","1","0.39756511747837064","1.500829439163208","163079"
"CLUSTER","0","maskSmooth","pretrained_fewshot_recipe","20","1","0.39700348138809205","1.5198605346679688","163079"
"CLUSTER","0","maskSmooth","fromscratch_fewshot","20","1","0.26389794021844865","1.6922337317466736","163079"
"CLUSTER","0","maskSmooth","pretrained_fewshot","100","0","0.40755657076835633","1.4899469757080077","163079"
"CLUSTER","0","maskSmooth","pretrained_fewshot_recipe","100","0","0.3963437694311142","1.5183324027061462","163079"
"CLUSTER","0","maskSmooth","fromscratch_fewshot","100","0","0.26400399923324586","1.7011763405799867","163079"
"CLUSTER","0","maskSmooth","pretrained_fewshot","100","1","0.4068179780244827","1.4912725639343263","163079"
"CLUSTER","0","maskSmooth","pretrained_fewshot_recipe","100","1","0.4023516362905502","1.5184311079978943","163079"
"CLUSTER","0","maskSmooth","fromscratch_fewshot","100","1","0.25856101244688035","1.6940750575065613","163079"
"CLUSTER","0","maskSmooth","classical_tikhonov","","","0.261019047498703","1.791754767894745","0"
"CLUSTER","0","maxpool","pretrained_zeroshot","0","","0.2964699280261993","nan","163079"
"CLUSTER","0","maxpool","pretrained_zeroshot_recipe","0","","0.3768384140729904","1.5258480024337768","163079"
"CLUSTER","0","maxpool","pretrained_fewshot","5","0","0.16442617490887643","nan","163079"
"CLUSTER","0","maxpool","pretrained_fewshot_recipe","5","0","0.37219888627529146","1.558988130092621","163079"
"CLUSTER","0","maxpool","fromscratch_fewshot","5","0","0.19544779360294343","1.7827975344657898","163079"
"CLUSTER","0","maxpool","pretrained_fewshot","5","1","0.16442617490887643","nan","163079"
"CLUSTER","0","maxpool","pretrained_fewshot_recipe","5","1","0.37585201680660246","1.5574342012405396","163079"
"CLUSTER","0","maxpool","fromscratch_fewshot","5","1","0.21254291594028474","1.77830246925354","163079"
"CLUSTER","0","maxpool","pretrained_fewshot","20","0","0.16442617490887643","nan","163079"
"CLUSTER","0","maxpool","pretrained_fewshot_recipe","20","0","0.3783042186498642","1.536696355342865","163079"
"CLUSTER","0","maxpool","fromscratch_fewshot","20","0","0.20301027178764344","5.5841917688852515e+31","163079"
"CLUSTER","0","maxpool","pretrained_fewshot","20","1","0.16442617490887643","nan","163079"
"CLUSTER","0","maxpool","pretrained_fewshot_recipe","20","1","0.3721140265464783","1.5391791105270385","163079"
"CLUSTER","0","maxpool","fromscratch_fewshot","20","1","0.16442617490887643","nan","163079"
"CLUSTER","0","maxpool","pretrained_fewshot","100","0","0.16442617490887643","nan","163079"
"CLUSTER","0","maxpool","pretrained_fewshot_recipe","100","0","0.37707126200199126","1.5362972903251648","163079"
"CLUSTER","0","maxpool","fromscratch_fewshot","100","0","0.20595131427049637","1.7761345744132995","163079"
"CLUSTER","0","maxpool","pretrained_fewshot","100","1","0.16442617490887643","nan","163079"
"CLUSTER","0","maxpool","pretrained_fewshot_recipe","100","1","0.3759926235675812","1.5412086582183837","163079"
"CLUSTER","0","maxpool","fromscratch_fewshot","100","1","0.16442617490887643","nan","163079"
"CLUSTER","0","maxpool","classical_tikhonov","","","0.20352651059627533","1.7917449522018432","0"
"CLUSTER","1","denoise","pretrained_indist","","","0.96099560379982","1.0814059090614319","163079"
"CLUSTER","1","mask","pretrained_indist","","","0.527029862999916","1.3967484331130982","163079"
"CLUSTER","1","smooth","pretrained_indist","","","0.41617183268070224","1.4681861662864686","163079"
"CLUSTER","1","path","pretrained_indist","","","0.5567887222766876","1.4210172414779663","163079"
"CLUSTER","1","maskSmooth","pretrained_zeroshot","0","","0.41352913558483123","1.4788097500801087","163079"
"CLUSTER","1","maskSmooth","pretrained_zeroshot_recipe","0","","0.4065985310077667","1.4911748123168946","163079"
"CLUSTER","1","maskSmooth","pretrained_fewshot","5","0","0.37704273641109465","1.57321631193161","163079"
"CLUSTER","1","maskSmooth","pretrained_fewshot_recipe","5","0","0.3921259969472885","1.513989269733429","163079"
"CLUSTER","1","maskSmooth","fromscratch_fewshot","5","0","0.25267993986606596","1.7030381274223327","163079"
"CLUSTER","1","maskSmooth","pretrained_fewshot","5","1","0.3994079798460007","1.5671132969856263","163079"
"CLUSTER","1","maskSmooth","pretrained_fewshot_recipe","5","1","0.3940469491481781","1.5147682571411132","163079"
"CLUSTER","1","maskSmooth","fromscratch_fewshot","5","1","0.27409138083457946","1.7324552154541015","163079"
"CLUSTER","1","maskSmooth","pretrained_fewshot","20","0","0.41286936700344085","1.4810016655921936","163079"
"CLUSTER","1","maskSmooth","pretrained_fewshot_recipe","20","0","0.4008177304267883","1.5130552673339843","163079"
"CLUSTER","1","maskSmooth","fromscratch_fewshot","20","0","0.26371742218732835","1.6933137965202332","163079"
"CLUSTER","1","maskSmooth","pretrained_fewshot","20","1","0.4176381230354309","1.4815197086334229","163079"
"CLUSTER","1","maskSmooth","pretrained_fewshot_recipe","20","1","0.40743077456951143","1.5103353238105774","163079"
"CLUSTER","1","maskSmooth","fromscratch_fewshot","20","1","0.26662911266088485","1.7049304938316345","163079"
"CLUSTER","1","maskSmooth","pretrained_fewshot","100","0","0.41919948399066925","1.4621472358703613","163079"
"CLUSTER","1","maskSmooth","pretrained_fewshot_recipe","100","0","0.41220657765865326","1.5098068952560424","163079"
"CLUSTER","1","maskSmooth","fromscratch_fewshot","100","0","0.2631283339858055","1.6981479716300965","163079"
"CLUSTER","1","maskSmooth","pretrained_fewshot","100","1","0.4248046213388443","1.4604236197471618","163079"
"CLUSTER","1","maskSmooth","pretrained_fewshot_recipe","100","1","0.41405247151851654","1.5105843043327332","163079"
"CLUSTER","1","maskSmooth","fromscratch_fewshot","100","1","0.26205465018749236","1.7078193068504333","163079"
"CLUSTER","1","maxpool","pretrained_zeroshot","0","","0.31109327331185344","nan","163079"
"CLUSTER","1","maxpool","pretrained_zeroshot_recipe","0","","0.3897878235578537","1.5102162909507753","163079"
"CLUSTER","1","maxpool","pretrained_fewshot","5","0","0.3708967137336731","1.560397243499756","163079"
"CLUSTER","1","maxpool","pretrained_fewshot_recipe","5","0","0.3739834272861481","1.5475550818443298","163079"
"CLUSTER","1","maxpool","fromscratch_fewshot","5","0","0.20335598170757294","2.0071015572547912","163079"
"CLUSTER","1","maxpool","pretrained_fewshot","5","1","0.16442617490887643","nan","163079"
"CLUSTER","1","maxpool","pretrained_fewshot_recipe","5","1","0.3879819643497467","1.5312897753715515","163079"
"CLUSTER","1","maxpool","fromscratch_fewshot","5","1","0.16442617490887643","nan","163079"
"CLUSTER","1","maxpool","pretrained_fewshot","20","0","0.16442617490887643","nan","163079"
"CLUSTER","1","maxpool","pretrained_fewshot_recipe","20","0","0.38112648367881774","1.5334147500991822","163079"
"CLUSTER","1","maxpool","fromscratch_fewshot","20","0","0.20716830283403398","1.7734073877334595","163079"
"CLUSTER","1","maxpool","pretrained_fewshot","20","1","0.16442617490887643","nan","163079"
"CLUSTER","1","maxpool","pretrained_fewshot_recipe","20","1","0.3950479465723038","1.5277050757408142","163079"
"CLUSTER","1","maxpool","fromscratch_fewshot","20","1","0.19712213784456253","1.7730279922485352","163079"
"CLUSTER","1","maxpool","pretrained_fewshot","100","0","0.16442617490887643","nan","163079"
"CLUSTER","1","maxpool","pretrained_fewshot_recipe","100","0","0.39722409307956696","1.5140202164649963","163079"
"CLUSTER","1","maxpool","fromscratch_fewshot","100","0","0.20369646668434144","1.7795072269439698","163079"
"CLUSTER","1","maxpool","pretrained_fewshot","100","1","0.16442617490887643","nan","163079"
"CLUSTER","1","maxpool","pretrained_fewshot_recipe","100","1","0.3915557998418808","1.5359058046340943","163079"
"CLUSTER","1","maxpool","fromscratch_fewshot","100","1","0.20205535650253295","1.7788446497917176","163079"
"CLUSTER","2","denoise","pretrained_indist","","","0.9626314151287079","1.0799028754234314","163079"
"CLUSTER","2","mask","pretrained_indist","","","0.4769512343406677","1.4554305148124695","163079"
"CLUSTER","2","smooth","pretrained_indist","","","0.37792808771133424","1.5355817079544067","163079"
"CLUSTER","2","path","pretrained_indist","","","0.6649021780490876","1.3456441020965577","163079"
"CLUSTER","2","maskSmooth","pretrained_zeroshot","0","","0.38030424296855925","1.536134855747223","163079"
"CLUSTER","2","maskSmooth","pretrained_zeroshot_recipe","0","","0.3835248863697052","1.5336945343017578","163079"
"CLUSTER","2","maskSmooth","pretrained_fewshot","5","0","0.36262249171733857","1.5772705030441285","163079"
"CLUSTER","2","maskSmooth","pretrained_fewshot_recipe","5","0","0.3674985671043396","1.5616583967208861","163079"
"CLUSTER","2","maskSmooth","fromscratch_fewshot","5","0","0.2638342735171318","1.7224365520477294","163079"
"CLUSTER","2","maskSmooth","pretrained_fewshot","5","1","0.35905343413352964","1.5890272212028504","163079"
"CLUSTER","2","maskSmooth","pretrained_fewshot_recipe","5","1","0.3665894967317581","1.5668439722061158","163079"
"CLUSTER","2","maskSmooth","fromscratch_fewshot","5","1","0.2593794205784798","1.7191051650047302","163079"
"CLUSTER","2","maskSmooth","pretrained_fewshot","20","0","0.3754331827163696","1.5399376487731933","163079"
"CLUSTER","2","maskSmooth","pretrained_fewshot_recipe","20","0","0.38046997487545015","1.539069664478302","163079"
"CLUSTER","2","maskSmooth","fromscratch_fewshot","20","0","0.2608425676822662","1.6965932154655456","163079"
"CLUSTER","2","maskSmooth","pretrained_fewshot","20","1","0.3772365391254425","1.5390234279632569","163079"
"CLUSTER","2","maskSmooth","pretrained_fewshot_recipe","20","1","0.38371775090694427","1.5349542236328124","163079"
"CLUSTER","2","maskSmooth","fromscratch_fewshot","20","1","0.25963805347681046","1.6941157579421997","163079"
"CLUSTER","2","maskSmooth","pretrained_fewshot","100","0","0.3819015145301819","1.5349980425834655","163079"
"CLUSTER","2","maskSmooth","pretrained_fewshot_recipe","100","0","0.3899304986000061","1.5344833660125732","163079"
"CLUSTER","2","maskSmooth","fromscratch_fewshot","100","0","0.2650943759083748","1.6994813418388366","163079"
"CLUSTER","2","maskSmooth","pretrained_fewshot","100","1","0.37595690190792086","1.5355333065986634","163079"
"CLUSTER","2","maskSmooth","pretrained_fewshot_recipe","100","1","0.3877777248620987","1.5329734802246093","163079"
"CLUSTER","2","maskSmooth","fromscratch_fewshot","100","1","0.2574280792474747","1.6966898083686828","163079"
"CLUSTER","2","maskSmooth","classical_tikhonov","","","0.2600445693731308","1.7917548131942749","0"
"CLUSTER","2","maxpool","pretrained_zeroshot","0","","0.29056671500205994","1.153403142214866e+24","163079"
"CLUSTER","2","maxpool","pretrained_zeroshot_recipe","0","","0.34083829283714295","1.5564706349372863","163079"
"CLUSTER","2","maxpool","pretrained_fewshot","5","0","0.16442617490887643","nan","163079"
"CLUSTER","2","maxpool","pretrained_fewshot_recipe","5","0","0.35095168590545656","1.5909422636032104","163079"
"CLUSTER","2","maxpool","fromscratch_fewshot","5","0","0.2223476842045784","1.775220227241516","163079"
"CLUSTER","2","maxpool","pretrained_fewshot","5","1","0.3524043327569962","1.5946921062469483","163079"
"CLUSTER","2","maxpool","pretrained_fewshot_recipe","5","1","0.34718399584293363","1.5973840403556823","163079"
"CLUSTER","2","maxpool","fromscratch_fewshot","5","1","0.19980377823114395","1.8025461959838867","163079"
"CLUSTER","2","maxpool","pretrained_fewshot","20","0","0.16442617490887643","nan","163079"
"CLUSTER","2","maxpool","pretrained_fewshot_recipe","20","0","0.34653751492500307","1.5691313362121582","163079"
"CLUSTER","2","maxpool","fromscratch_fewshot","20","0","0.205081484913826","1.774156050682068","163079"
"CLUSTER","2","maxpool","pretrained_fewshot","20","1","0.16442617490887643","nan","163079"
"CLUSTER","2","maxpool","pretrained_fewshot_recipe","20","1","0.3430490666627884","1.5776719307899476","163079"
"CLUSTER","2","maxpool","fromscratch_fewshot","20","1","0.16442617490887643","nan","163079"
"CLUSTER","2","maxpool","pretrained_fewshot","100","0","0.16442617490887643","nan","163079"
"CLUSTER","2","maxpool","pretrained_fewshot_recipe","100","0","0.34167404532432555","1.5722931218147278","163079"
"CLUSTER","2","maxpool","fromscratch_fewshot","100","0","0.16442617490887643","nan","163079"
"CLUSTER","2","maxpool","pretrained_fewshot","100","1","0.16442617490887643","nan","163079"
"CLUSTER","2","maxpool","pretrained_fewshot_recipe","100","1","0.33966340124607086","1.5825423717498779","163079"
"CLUSTER","2","maxpool","fromscratch_fewshot","100","1","0.1853059224784374","1.7807110333442688","163079"
"CLUSTER","2","maxpool","classical_tikhonov","","","0.2036885538697243","1.7917451906204223","0"
